entry_time,exit_time,type,entry_price,entry_price_effective,exit_price,exit_price_effective,qty,sl,tp,gross_pnl,entry_commission,exit_commission,net_pnl,exit_reason,atr,duration_candles
2025-12-19 10:55:00+05:30,2025-12-19 11:32:00+05:30,BUY,1572.5,1572.97175,1569.9,1569.42903,57,1569.9,1575.75,-201.9350399999953,23.6,113.05745471,-338.5924947099953,SL Hit,1.3000000000000032,0
2025-12-22 09:32:00+05:30,2025-12-22 09:38:00+05:30,BUY,1574.4,1574.8723200000002,1571.7428571428572,1571.2713342857144,56,1571.7428571428572,1577.7214285714288,-201.6552000000047,23.6,111.59119472,-336.8463947200047,SL Hit,1.3285714285714707,0
2025-12-23 09:15:00+05:30,2025-12-23 09:17:00+05:30,BUY,1578.0,1578.4734,1575.9714285714285,1575.4986371428572,56,1575.9714285714285,1580.5357142857142,-166.58672000000115,23.6,111.82792368,-302.01464368000114,SL Hit,1.0142857142857014,0
2025-12-24 09:15:00+05:30,2025-12-24 10:55:00+05:30,SELL,1570.0,1569.529,1566.2321428571427,1566.7020125,56,1573.0142857142857,1566.2321428571427,158.31130000000485,111.49362400000001,23.6,23.217676000004836,TP Hit,1.5071428571428993,0
2025-12-26 09:31:00+05:30,2025-12-26 10:06:00+05:30,SELL,1556.7,1556.23299,1560.0,1560.468,57,1560.0,1552.575,-241.39557000000582,112.30528043000001,23.6,-377.3008504300059,SL Hit,1.649999999999961,0
2025-12-29 09:30:00+05:30,2025-12-29 09:34:00+05:30,SELL,1553.2,1552.73404,1555.7142857142858,1556.181,57,1555.7142857142858,1550.057142857143,-196.47671999999943,112.10584028,23.6,-332.18256027999945,SL Hit,1.2571428571428507,0
2025-12-30 09:15:00+05:30,2025-12-30 09:29:00+05:30,BUY,1545.9,1546.3637700000002,1548.4178571428574,1547.9533317857147,57,1543.8857142857141,1548.4178571428574,90.60502178572779,23.6,111.83333991178574,-44.82831812605795,TP Hit,1.007142857142932,0
2025-12-31 10:06:00+05:30,2025-12-31 10:49:00+05:30,BUY,1548.8,1549.2646399999999,1547.0142857142857,1546.5501814285715,57,1547.0142857142857,1551.0321428571428,-154.7241385714185,23.6,111.75336034142859,-290.0774989128471,SL Hit,0.8928571428571266,0
2026-01-01 09:26:00+05:30,2026-01-01 09:28:00+05:30,BUY,1581.0,1581.4743,1587.375,1586.8987875,55,1575.8999999999999,1587.375,298.34681249999676,23.6,110.8794333125,163.86737918749674,TP Hit,2.5500000000000194,0
2026-01-02 09:32:00+05:30,2026-01-02 11:16:00+05:30,BUY,1586.6,1587.0759799999998,1582.7,1582.22519,55,1582.7,1591.475,-266.79344999998534,23.6,110.62238545,-401.0158354499854,SL Hit,1.9499999999999804,0
2026-01-05 09:29:00+05:30,2026-01-05 09:33:00+05:30,BUY,1605.9,1606.3817700000002,1601.0428571428572,1600.5625442857142,54,1601.0428571428572,1611.9714285714288,-314.23818857144124,23.6,110.03037739142857,-447.86856596286987,SL Hit,2.4285714285714772,0
2026-01-06 10:01:00+05:30,2026-01-06 10:10:00+05:30,SELL,1531.5,1531.04055,1525.857142857143,1526.3149,57,1536.0142857142857,1525.857142857143,269.362049999992,110.86931135,23.6,134.892738649992,TP Hit,2.257142857142867,0
2026-01-07 09:16:00+05:30,2026-01-07 09:19:00+05:30,BUY,1511.6,1512.0534799999998,1516.6892857142857,1516.2342789285715,58,1507.5285714285712,1516.6892857142857,242.4863378571572,23.6,111.54158817785716,107.34474967930004,TP Hit,2.0357142857142856,0
2026-01-08 09:16:00+05:30,2026-01-08 09:52:00+05:30,SELL,1495.6,1495.15132,1490.242857142857,1490.6899299999998,58,1499.8857142857141,1490.242857142857,258.76062000000957,110.31877656,23.6,124.84184344000957,TP Hit,2.142857142857127,0
2026-01-09 09:15:00+05:30,2026-01-09 09:16:00+05:30,SELL,1467.8,1467.3596599999998,1470.8714285714286,1471.31269,59,1470.8714285714286,1463.9607142857142,-233.22877000000744,110.17421994,23.6,-367.00298994000747,SL Hit,1.5357142857142858,0
2026-01-12 09:18:00+05:30,2026-01-12 09:20:00+05:30,SELL,1466.7,1466.25999,1461.6642857142856,1462.1027849999998,59,1470.7285714285715,1461.6642857142856,245.27509500001202,110.10933940999999,23.6,111.56575559001203,TP Hit,2.0142857142857338,0
2026-01-13 09:18:00+05:30,2026-01-13 09:26:00+05:30,SELL,1476.6,1476.1570199999999,1471.6535714285715,1472.0950675000001,59,1480.5571428571427,1471.6535714285715,239.6551974999843,110.69326418,23.6,105.3619333199843,TP Hit,1.9785714285714155,0
2026-01-14 09:48:00+05:30,2026-01-14 09:50:00+05:30,SELL,1450.5,1450.06485,1453.3857142857144,1453.8217300000001,60,1453.3857142857144,1446.892857142857,-225.41280000000825,110.603891,23.6,-359.61669100000825,SL Hit,1.4428571428571624,0
2026-01-16 09:17:00+05:30,2026-01-16 09:20:00+05:30,BUY,1460.7,1461.13821,1466.3607142857145,1465.9208060714288,59,1456.1714285714286,1466.3607142857145,282.17316821429745,23.6,110.08932755821431,148.48384065608312,TP Hit,2.264285714285766,0
2026-01-19 09:16:00+05:30,2026-01-19 09:29:00+05:30,SELL,1436.5,1436.06905,1423.982142857143,1424.4093375,60,1446.5142857142857,1423.982142857143,699.5827500000041,109.76414300000002,23.6,566.2186070000041,TP Hit,5.007142857142834,0
2026-01-20 09:15:00+05:30,2026-01-20 09:17:00+05:30,SELL,1409.7,1409.27709,1412.7714285714287,1413.1952600000002,62,1412.7714285714287,1405.8607142857143,-242.92654000000903,110.97517958,23.6,-377.5017195800091,SL Hit,1.5357142857142858,0
2026-01-21 09:15:00+05:30,2026-01-21 09:16:00+05:30,SELL,1389.4,1388.9831800000002,1394.2142857142858,1394.63255,63,1394.2142857142858,1383.382142857143,-355.91030999999134,111.10594034000002,23.6,-490.6162503399914,SL Hit,2.4071428571428606,0
2026-01-22 09:15:00+05:30,2026-01-22 09:17:00+05:30,BUY,1411.6,1412.0234799999998,1408.3285714285712,1407.9060728571426,61,1408.3285714285712,1415.6892857142857,-251.161835714292,23.6,109.48227044428569,-384.2441061585777,SL Hit,1.6357142857143085,0
2026-01-23 09:23:00+05:30,2026-01-23 09:38:00+05:30,BUY,1404.9,1405.32147,1400.6857142857143,1400.2655085714287,61,1400.6857142857143,1410.1678571428572,-308.4136471428576,23.6,109.01619602285714,-441.02984316571474,SL Hit,2.1071428571428408,0
2026-01-27 09:15:00+05:30,2026-01-27 09:16:00+05:30,SELL,1385.7,1385.28429,1382.45,1382.864735,62,1388.3,1382.45,150.01240999999663,109.48762597999999,23.6,16.924784019996643,TP Hit,1.2999999999999707,0
2026-01-28 09:17:00+05:30,2026-01-28 09:20:00+05:30,BUY,1393.8,1394.21814,1400.8357142857142,1400.4154635714285,62,1388.1714285714286,1400.8357142857142,384.2340614285713,23.6,110.42575874142858,250.2083026871427,TP Hit,2.8142857142857047,0
2026-01-29 09:49:00+05:30,2026-01-29 10:59:00+05:30,SELL,1390.8,1390.38276,1394.2714285714285,1394.6897099999999,62,1394.2714285714285,1386.4607142857142,-267.03089999999474,109.80373112000001,23.6,-400.4346311199948,SL Hit,1.7357142857143149,0
2026-01-30 10:05:00+05:30,2026-01-30 10:16:00+05:30,SELL,1387.5,1387.08375,1389.4714285714285,1389.88827,62,1389.4714285714285,1385.0357142857142,-173.8802399999945,109.59919250000002,23.6,-307.07943249999454,SL Hit,0.9857142857142824,0
2026-02-01 09:47:00+05:30,2026-02-01 09:50:00+05:30,BUY,1401.2,1401.6203600000001,1398.5,1398.08045,61,1398.5,1404.575,-215.93451000001164,23.6,108.88290745,-348.4174174500116,SL Hit,1.3500000000000065,0
2026-02-02 09:15:00+05:30,2026-02-02 09:20:00+05:30,SELL,1342.4,1341.99728,1350.314285714286,1350.7193800000002,63,1350.314285714286,1332.507142857143,-549.4923000000115,108.14582864000002,23.6,-681.2381286400115,SL Hit,3.95714285714288,0
2026-02-03 09:48:00+05:30,2026-02-03 10:24:00+05:30,BUY,1445.0,1445.4335,1451.482142857143,1451.0466982142857,58,1439.8142857142857,1451.482142857143,325.565496428565,23.6,107.76070849642858,194.20478793213638,TP Hit,2.5928571428571723,0
2026-02-04 09:20:00+05:30,2026-02-04 10:05:00+05:30,BUY,1454.5,1454.93635,1462.267857142857,1461.8291767857143,58,1448.2857142857142,1462.267857142857,399.7839535714297,23.6,108.38609225357143,267.7978613178583,TP Hit,3.107142857142857,0
2026-02-05 09:15:00+05:30,2026-02-05 09:16:00+05:30,BUY,1460.5,1460.93815,1457.0857142857142,1456.6485885714285,58,1457.0857142857142,1464.767857142857,-248.79456285714468,23.6,108.08561813714286,-380.4801809942876,SL Hit,1.7071428571428637,0
2026-02-06 09:15:00+05:30,2026-02-06 10:36:00+05:30,SELL,1440.6,1440.16782,1445.6142857142856,1446.0479699999999,59,1445.6142857142856,1434.3321428571428,-346.9288499999975,108.56990138,23.6,-479.09875137999757,SL Hit,2.5071428571428345,0
2026-02-09 09:18:00+05:30,2026-02-10 09:15:00+05:30,BUY,1461.3,1461.73839,1467.192857142857,1466.7526992857142,58,1456.5857142857142,1467.192857142857,290.8299385714272,23.6,108.67165655857144,158.55828201285573,TP Hit,2.357142857142857,0
2026-02-10 09:16:00+05:30,2026-02-10 09:19:00+05:30,BUY,1469.5,1469.94085,1466.8428571428572,1466.4028042857144,57,1466.8428571428572,1472.8214285714284,-201.66860571427605,23.6,107.18495984428571,-332.45356555856176,SL Hit,1.3285714285713897,0
2026-02-11 09:54:00+05:30,2026-02-11 10:08:00+05:30,SELL,1457.5,1457.06275,1459.3142857142857,1459.75208,58,1459.3142857142857,1455.232142857143,-155.98113999999578,108.10963950000001,23.6,-287.6907794999958,SL Hit,0.9071428571428442,0
2026-02-12 09:15:00+05:30,2026-02-12 09:16:00+05:30,BUY,1470.1,1470.5410299999999,1467.6,1467.1597199999999,57,1467.6,1473.225,-192.73466999999914,23.6,107.22810404,-323.5627740399991,SL Hit,1.2499999999999838,0
2026-02-13 09:15:00+05:30,2026-02-13 09:16:00+05:30,SELL,1445.3,1444.8664099999999,1440.5321428571428,1440.9643025,58,1449.1142857142856,1440.5321428571428,226.3222349999901,107.40225178,23.6,95.31998321999009,TP Hit,1.9071428571428442,0
2026-02-16 09:37:00+05:30,2026-02-16 09:45:00+05:30,SELL,1413.8,1413.3758599999999,1409.8714285714286,1410.29439,59,1416.942857142857,1409.8714285714286,181.80672999999138,106.98917574000001,23.6,51.21755425999137,TP Hit,1.5714285714285714,0
2026-02-17 09:30:00+05:30,2026-02-17 09:45:00+05:30,SELL,1423.2,1422.77304,1426.7,1427.1280100000001,59,1426.7,1418.825,-256.94323000000554,107.54360936,23.6,-388.08683936000557,SL Hit,1.75,0
2026-02-18 09:15:00+05:30,2026-02-18 09:29:00+05:30,BUY,1425.4,1425.82762,1428.7214285714288,1428.2928121428574,58,1422.7428571428572,1428.7214285714288,142.98114428572944,23.6,106.44098310428572,12.940161181443727,TP Hit,1.3285714285714545,0
2026-02-19 09:21:00+05:30,2026-02-19 09:29:00+05:30,BUY,1440.6,1441.03218,1436.3285714285714,1435.8976728571429,58,1436.3285714285714,1445.9392857142857,-297.8014142857087,23.6,106.8820650257143,-428.283479311423,SL Hit,2.1357142857142923,0
2026-02-20 09:36:00+05:30,2026-02-20 10:09:00+05:30,BUY,1416.1,1416.5248299999998,1412.357142857143,1411.9334357142857,59,1412.357142857143,1420.7785714285712,-270.8922628571354,23.6,106.90407270714286,-401.3963355642783,SL Hit,1.8714285714285583,0
2026-02-23 09:33:00+05:30,2026-02-23 09:53:00+05:30,BUY,1432.8,1433.22984,1429.357142857143,1428.9283357142858,58,1429.357142857143,1437.1035714285715,-249.48724857142042,23.6,106.4778434714286,-379.5650920428491,SL Hit,1.721428571428581,0
2026-02-24 09:37:00+05:30,2026-02-24 09:49:00+05:30,SELL,1420.8,1420.37376,1423.7142857142858,1424.1414,58,1423.7142857142858,1417.1571428571428,-218.52312000000165,105.98167808,23.6,-348.1047980800017,SL Hit,1.45714285714288,0
2026-02-25 09:15:00+05:30,2026-02-25 09:17:00+05:30,BUY,1438.9,1439.33167,1434.7428571428572,1434.3124342857143,57,1434.7428571428572,1444.0964285714288,-286.0964357142873,23.6,105.3558087542857,-415.052244468573,SL Hit,2.0785714285714385,0
2026-02-26 09:54:00+05:30,2026-02-26 10:05:00+05:30,SELL,1397.8,1397.38066,1400.1571428571428,1400.57719,58,1400.1571428571428,1394.8535714285713,-185.39873999999645,104.64807828,23.6,-313.64681827999647,SL Hit,1.1785714285714448,0
2026-02-27 09:15:00+05:30,2026-02-27 09:18:00+05:30,SELL,1394.4,1393.98168,1388.632142857143,1389.0487325000001,58,1399.014285714286,1388.632142857143,286.1109549999974,104.45093744000002,23.6,158.06001755999736,TP Hit,2.3071428571428862,0
2026-03-02 10:02:00+05:30,2026-03-02 10:05:00+05:30,SELL,1373.6,1373.1879199999998,1369.3857142857144,1369.79653,59,1376.9714285714285,1369.3857142857144,200.09200999998666,104.61808728,23.6,71.87392271998667,TP Hit,1.685714285714263,0
2026-03-04 09:29:00+05:30,2026-03-04 10:02:00+05:30,SELL,1311.3,1310.90661,1321.7,1322.09651,62,1321.7,1298.3,-693.7738000000049,104.87620982000001,23.6,-822.250009820005,SL Hit,5.200000000000013,0
2026-03-05 09:15:00+05:30,2026-03-05 09:17:00+05:30,BUY,1361.2,1361.60836,1369.0035714285714,1368.5928703571428,59,1354.9571428571428,1369.0035714285714,412.08611107142997,23.6,104.34697935107144,284.1391317203585,TP Hit,3.1214285714285745,0
2026-03-06 09:16:00+05:30,2026-03-06 09:27:00+05:30,BUY,1401.0,1401.4203,1411.0357142857142,1410.6124035714286,58,1392.9714285714285,1411.0357142857142,533.1420071428565,23.6,105.41551940714285,404.1264877357137,TP Hit,4.014285714285718,0
2026-03-09 09:15:00+05:30,2026-03-09 09:18:00+05:30,SELL,1401.3,1400.87961,1390.9071428571428,1391.324415,58,1409.6142857142856,1390.9071428571428,554.2013099999949,104.85101738,23.6,425.75029261999487,TP Hit,4.157142857142844,0
2026-03-10 09:16:00+05:30,2026-03-10 09:19:00+05:30,SELL,1410.0,1409.577,1401.0357142857142,1401.456025,58,1417.1714285714286,1401.0357142857142,471.01655000000255,105.355466,23.6,342.06108400000255,TP Hit,3.5857142857143054,0
2026-03-11 09:16:00+05:30,2026-03-11 09:20:00+05:30,BUY,1425.6,1426.02768,1432.8142857142857,1432.3844414285713,57,1419.8285714285714,1432.8142857142857,362.3354014285708,23.6,105.24591316142858,233.48948826714218,TP Hit,2.885714285714276,0
2026-03-12 09:15:00+05:30,2026-03-12 09:18:00+05:30,SELL,1383.0,1382.5851,1387.1857142857143,1387.60187,59,1387.1857142857143,1377.767857142857,-295.9894299999971,105.1725209,23.6,-424.76195089999715,SL Hit,2.0928571428571723,0
2026-03-13 09:45:00+05:30,2026-03-13 09:48:00+05:30,SELL,1392.0,1391.5824,1396.1857142857143,1396.60457,59,1396.1857142857143,1386.767857142857,-296.30802999999764,105.7033616,23.6,-425.61139159999766,SL Hit,2.0928571428571723,0
2026-03-16 09:15:00+05:30,2026-03-16 09:17:00+05:30,SELL,1377.5,1377.08675,1374.125,1374.5372375,59,1380.2,1374.125,150.4212374999995,104.84811825,23.6,21.973119249999506,TP Hit,1.350000000000039,0
2026-03-17 09:15:00+05:30,2026-03-17 09:22:00+05:30,BUY,1395.9,1396.31877,1401.3642857142859,1400.9438764285717,58,1391.5285714285715,1401.3642857142859,268.2561728571527,23.6,104.85474483285716,139.80142802429555,TP Hit,2.1857142857142793,0
2026-03-18 09:24:00+05:30,2026-03-18 09:51:00+05:30,BUY,1403.8,1404.2211399999999,1410.925,1410.5017225,58,1398.1,1410.925,364.27378500000214,23.6,105.409099905,235.2646850950021,TP Hit,2.8500000000000227,0
2026-03-19 09:15:00+05:30,2026-03-19 09:16:00+05:30,SELL,1404.6,1404.17862,1398.3142857142857,1398.73378,58,1409.6285714285714,1398.3142857142857,315.80071999999336,105.04235996,23.6,187.15836003999337,TP Hit,2.5142857142857338,0
2026-03-20 09:29:00+05:30,2026-03-20 10:12:00+05:30,BUY,1413.4,1413.82402,1420.2928571428572,1419.8667692857143,58,1407.8857142857144,1420.2928571428572,350.47945857142986,23.6,105.95227261857144,220.9271859528584,TP Hit,2.7571428571428833,0
2026-03-23 09:15:00+05:30,2026-03-23 09:21:00+05:30,SELL,1398.9,1398.48033,1405.642857142857,1406.06455,59,1405.642857142857,1390.4714285714288,-447.4689799999976,106.11033947000001,23.6,-577.1793194699976,SL Hit,3.371428571428526,0
2026-03-24 09:17:00+05:30,2026-03-24 09:39:00+05:30,BUY,1416.2,1416.6248600000001,1409.7,1409.27709,58,1409.7,1424.325,-426.1706600000048,23.6,105.33807121999999,-555.1087312200048,SL Hit,3.2500000000000164,0
2026-03-25 09:15:00+05:30,2026-03-25 10:39:00+05:30,BUY,1417.8,1418.22534,1424.2821428571428,1423.8548582142857,57,1412.6142857142856,1424.2821428571428,320.8825382142895,23.6,104.75972691821428,192.52281129607522,TP Hit,2.5928571428571883,0
2026-03-27 09:29:00+05:30,2026-03-27 09:34:00+05:30,SELL,1386.5,1386.08405,1379.607142857143,1380.021025,59,1392.0142857142857,1379.607142857143,357.7184749999956,105.37895895,23.6,228.7395160499956,TP Hit,2.7571428571428345,0
2026-03-30 09:15:00+05:30,2026-03-30 09:16:00+05:30,SELL,1341.2,1340.79764,1346.0142857142857,1346.4180900000001,61,1346.0142857142857,1335.1821428571427,-342.84745000000726,105.38865604,23.6,-471.8361060400073,SL Hit,2.407142857142893,0
2026-04-01 09:54:00+05:30,2026-04-01 09:56:00+05:30,BUY,1372.5,1372.91175,1370.1857142857143,1369.7746585714285,59,1370.1857142857143,1375.392857142857,-185.0883942857165,23.6,104.4167048557143,-313.1050991414308,SL Hit,1.1571428571428604,0
2026-04-02 09:23:00+05:30,2026-04-02 09:48:00+05:30,SELL,1351.9,1351.4944300000002,1342.3464285714285,1342.7491324999999,60,1359.5428571428572,1342.3464285714285,524.71785000002,104.68966580000003,23.6,396.4281842000199,TP Hit,3.821428571428604,0
2026-04-06 09:40:00+05:30,2026-04-06 10:27:00+05:30,SELL,1321.7,1321.30349,1314.3785714285714,1314.7728849999999,61,1327.557142857143,1314.3785714285714,398.3669050000092,104.19951289,23.6,270.56739211000917,TP Hit,2.9285714285714772,0
2026-04-07 09:49:00+05:30,2026-04-07 09:58:00+05:30,SELL,1292.7,1292.31219,1295.1714285714286,1295.55998,63,1295.1714285714286,1289.6107142857145,-204.6107699999934,105.01566797000001,23.6,-333.2264379699934,SL Hit,1.2357142857142662,0
2026-04-08 09:50:00+05:30,2026-04-08 10:04:00+05:30,BUY,1339.3,1339.7017899999998,1343.5142857142857,1343.1112314285715,61,1335.9285714285713,1343.5142857142857,207.9759271428709,23.6,105.52978511714286,78.84614202572803,TP Hit,1.6857142857143117,0
2026-04-09 09:15:00+05:30,2026-04-09 09:19:00+05:30,SELL,1340.6,1340.1978199999999,1344.1,1344.5032299999998,61,1344.1,1336.225,-262.6300099999962,105.35206701999999,23.6,-391.58207701999623,SL Hit,1.75,0
2026-04-10 09:15:00+05:30,2026-04-10 09:21:00+05:30,BUY,1339.0,1339.4017,1344.1785714285716,1343.775317857143,60,1334.857142857143,1344.1785714285716,262.41707142858104,23.6,104.22651907142858,134.59055235715246,TP Hit,2.071428571428604,0
2026-04-13 09:54:00+05:30,2026-04-13 09:58:00+05:30,SELL,1314.1,1313.7057699999998,1316.1857142857143,1316.58057,62,1316.1857142857143,1311.492857142857,-178.2376000000172,105.04975773999999,23.6,-306.88735774001725,SL Hit,1.042857142857169,0
2026-04-15 09:48:00+05:30,2026-04-15 10:48:00+05:30,BUY,1338.4,1338.80152,1341.2035714285716,1340.8012103571432,60,1336.1571428571428,1341.2035714285716,119.98142142859251,23.6,104.04807262142859,-7.6666511928360705,TP Hit,1.1214285714286072,0
2026-04-16 09:15:00+05:30,2026-04-16 09:38:00+05:30,BUY,1343.8,1344.2031399999998,1339.9571428571428,1339.5551557142855,60,1339.9571428571428,1348.6035714285713,-278.8790571428581,23.6,103.97330934285714,-406.45236648571523,SL Hit,1.9214285714285617,0
2026-04-17 09:15:00+05:30,2026-04-17 09:24:00+05:30,BUY,1348.0,1348.4044,1343.7714285714285,1343.368297142857,60,1343.7714285714285,1353.2857142857144,-302.16617142857103,23.6,104.20209782857142,-429.9682692571425,SL Hit,2.11428571428574,0
2026-04-20 09:16:00+05:30,2026-04-20 09:27:00+05:30,SELL,1359.0,1358.5923,1362.6000000000001,1363.0087800000001,59,1362.6000000000001,1354.5,-260.57232000000545,103.75694569999999,23.6,-387.92926570000543,SL Hit,1.8000000000000196,0
2026-04-21 09:58:00+05:30,2026-04-21 10:04:00+05:30,SELL,1361.9,1361.49143,1364.0714285714287,1364.4806500000002,58,1364.0714285714287,1359.1857142857143,-173.37476000000925,102.56650294000002,23.6,-299.5412629400093,SL Hit,1.085714285714289,0
2026-04-22 09:15:00+05:30,2026-04-22 09:29:00+05:30,BUY,1355.4,1355.80662,1351.6857142857143,1351.2802085714286,59,1351.6857142857143,1360.0428571428572,-267.0582742857164,23.6,103.32553230571429,-393.9838065914307,SL Hit,1.8571428571428734,0
2026-04-23 09:17:00+05:30,2026-04-23 10:46:00+05:30,SELL,1351.9,1351.4944300000002,1345.3642857142859,1345.7678950000002,58,1357.1285714285716,1345.3642857142859,332.13903000000073,101.98667694,23.6,206.55235306000074,TP Hit,2.6142857142857077,0
2026-04-24 09:17:00+05:30,2026-04-24 09:44:00+05:30,SELL,1341.6,1341.19752,1336.4035714285712,1336.8044925,59,1345.7571428571428,1336.4035714285712,259.188622500001,102.73065368000002,23.6,132.85796882000096,TP Hit,2.078571428571471,0
2026-04-27 09:17:00+05:30,2026-04-27 09:24:00+05:30,BUY,1330.1,1330.49903,1323.9714285714285,1323.574237142857,60,1323.9714285714285,1337.7607142857141,-415.48757142857085,23.6,103.01445422857142,-542.1020256571423,SL Hit,3.0642857142857207,0
2026-04-28 09:28:00+05:30,2026-04-28 10:25:00+05:30,BUY,1366.3,1366.7098899999999,1374.9607142857142,1374.5482260714284,58,1359.3714285714284,1374.9607142857142,454.6234921428563,23.6,103.32379711214284,327.69969503071343,TP Hit,3.4642857142857304,0
2026-04-29 09:25:00+05:30,2026-04-29 10:08:00+05:30,BUY,1400.6,1401.02018,1410.0107142857141,1409.5877110714284,56,1393.0714285714284,1410.0107142857141,479.7817399999931,23.6,102.53691182,353.64482817999306,TP Hit,3.7642857142857338,0
2026-04-30 09:20:00+05:30,2026-04-30 10:01:00+05:30,SELL,1409.4,1408.97718,1399.507142857143,1399.926995,56,1417.314285714286,1399.507142857143,506.81036000000313,102.50272208000001,23.6,380.7076379200031,TP Hit,3.95714285714288,0
2026-05-04 09:16:00+05:30,2026-05-04 09:20:00+05:30,BUY,1439.5,1439.93185,1446.0535714285716,1445.619755357143,55,1434.2571428571428,1446.0535714285716,312.834794642871,23.6,103.10908654464288,186.12570809822807,TP Hit,2.621428571428607,0
2026-05-05 09:16:00+05:30,2026-05-05 09:35:00+05:30,BUY,1466.9,1467.3400700000002,1472.7214285714288,1472.2796121428573,54,1462.2428571428572,1472.7214285714288,266.7352757142853,23.6,103.1030990557143,140.03217665857102,TP Hit,2.328571428571471,0
2026-05-06 09:15:00+05:30,2026-05-06 09:27:00+05:30,BUY,1471.7,1472.1415100000002,1467.0285714285715,1466.588462857143,54,1467.0285714285715,1477.5392857142858,-299.86454571428703,23.6,102.79577699428572,-426.26032270857274,SL Hit,2.335714285714289,0
2026-05-07 09:15:00+05:30,2026-05-07 09:23:00+05:30,SELL,1436.3,1435.8691099999999,1431.3535714285713,1431.7829774999998,55,1440.2571428571428,1431.3535714285713,224.7372875000042,102.57280105000001,23.6,98.56448645000418,TP Hit,1.9785714285714318,0
2026-05-08 09:19:00+05:30,2026-05-08 09:45:00+05:30,SELL,1425.0,1424.5725,1418.2142857142858,1418.63975,56,1430.4285714285713,1418.2142857142858,332.23399999999674,103.37606,23.6,205.25793999999675,TP Hit,2.7142857142857144,0
2026-05-11 09:19:00+05:30,2026-05-11 10:38:00+05:30,SELL,1422.6,1422.17322,1414.7964285714286,1415.2208675,56,1428.842857142857,1414.7964285714286,389.3317399999978,103.24170031999998,23.6,262.49003967999784,TP Hit,3.1214285714285586,0
2026-05-12 09:21:00+05:30,2026-05-12 10:07:00+05:30,SELL,1388.6,1388.1834199999998,1380.9392857142855,1381.3535674999998,58,1394.7285714285715,1380.9392857142855,396.1314450000009,104.11463835999999,23.6,268.4168066400009,TP Hit,3.064285714285753,0
2026-05-13 09:26:00+05:30,2026-05-13 09:39:00+05:30,SELL,1363.6,1363.19092,1355.6714285714284,1356.0781299999999,59,1369.942857142857,1355.6714285714284,419.6546100000078,104.02826428,23.6,292.0263457200077,TP Hit,3.1714285714285944,0
2026-05-14 09:16:00+05:30,2026-05-14 09:49:00+05:30,BUY,1366.5,1366.90995,1362.542857142857,1362.1340942857141,59,1362.542857142857,1371.4464285714287,-281.77548714286536,23.6,103.96591156285714,-409.34139870572255,SL Hit,1.9785714285714644,0
2026-05-15 09:16:00+05:30,2026-05-15 09:34:00+05:30,SELL,1354.5,1354.09365,1345.9464285714284,1346.3502124999998,59,1361.3428571428572,1345.9464285714284,456.862812500015,103.49152534999999,23.6,329.77128715001504,TP Hit,3.421428571428578,0
2026-05-18 09:18:00+05:30,2026-05-18 09:38:00+05:30,SELL,1325.5,1325.10235,1319.982142857143,1320.3781375,61,1329.9142857142856,1319.982142857143,288.17696249998744,104.43124334999999,23.6,160.14571914998746,TP Hit,2.2071428571428475,0
2026-05-19 09:16:00+05:30,2026-05-19 09:17:00+05:30,BUY,1337.5,1337.90125,1340.375,1339.9728875,60,1335.2,1340.375,124.29825000001074,23.6,103.99837325000001,-3.3001232499892694,TP Hit,1.1499999999999935,0
2026-05-20 09:15:00+05:30,2026-05-20 09:18:00+05:30,SELL,1316.1,1315.70517,1319.8714285714284,1320.2673899999998,61,1319.8714285714284,1311.3857142857144,-278.29541999998764,103.85801537,23.6,-405.75343536998764,SL Hit,1.8857142857142597,0
2026-05-21 09:15:00+05:30,2026-05-21 09:18:00+05:30,BUY,1365.5,1365.90965,1361.8142857142857,1361.4057414285714,59,1361.8142857142857,1370.107142857143,-265.730605714288,23.6,103.92293874428572,-393.25354445857374,SL Hit,1.8428571428571558,0
2026-05-22 09:26:00+05:30,2026-05-22 12:07:00+05:30,BUY,1354.3,1354.7062899999999,1359.7464285714286,1359.3385046428573,59,1349.942857142857,1359.7464285714286,273.3006639285886,23.6,103.80097177392858,145.89969215466004,TP Hit,2.178571428571445,0
2026-05-25 09:19:00+05:30,2026-05-25 09:30:00+05:30,BUY,1364.7,1365.10941,1359.9,1359.49203,59,1359.9,1370.7,-331.4254199999948,23.6,103.81002977,-458.83544976999485,SL Hit,2.3999999999999937,0
2026-05-26 09:16:00+05:30,2026-05-26 09:22:00+05:30,SELL,1361.0,1360.5917,1364.2,1364.60926,59,1364.2,1357.0,-237.03604000000018,103.87491030000001,23.6,-364.5109503000002,SL Hit,1.5999999999999903,0
2026-05-27 09:16:00+05:30,2026-05-27 09:18:00+05:30,BUY,1356.4,1356.80692,1353.0857142857144,1352.6797885714286,59,1353.0857142857144,1360.5428571428572,-243.50075428571108,23.6,103.40810752571429,-370.5088618114254,SL Hit,1.6571428571428604,0
2026-05-29 09:16:00+05:30,2026-05-29 09:19:00+05:30,BUY,1364.8,1365.2094399999999,1359.8999999999999,1359.4920299999999,58,1359.8999999999999,1370.925,-331.6097799999984,23.6,102.45053774000002,-457.66031773999845,SL Hit,2.450000000000029,0
2026-06-01 10:06:00+05:30,2026-06-01 10:11:00+05:30,BUY,1327.5,1327.89825,1325.3,1324.90241,59,1325.3,1330.25,-176.75456000000258,23.6,101.76924219,-302.1238021900026,SL Hit,1.0999999999999903,0
2026-06-02 09:16:00+05:30,2026-06-02 09:18:00+05:30,SELL,1313.0,1312.6061,1317.3714285714286,1317.76664,60,1317.3714285714286,1307.5357142857142,-309.63240000000496,102.35636600000001,23.6,-435.58876600000497,SL Hit,2.1857142857143117,0
2026-06-03 09:17:00+05:30,2026-06-03 10:10:00+05:30,SELL,1310.5,1310.10685,1304.1607142857142,1304.5519625,60,1315.5714285714287,1304.1607142857142,333.293249999997,102.206411,23.6,207.486838999997,TP Hit,2.535714285714302,0
2026-06-04 09:16:00+05:30,2026-06-04 09:57:00+05:30,SELL,1305.9,1305.5082300000001,1310.0428571428572,1310.43587,60,1310.0428571428572,1300.7214285714288,-295.658399999993,101.93049380000002,23.6,-421.188893799993,SL Hit,2.0714285714285228,0
2026-06-05 09:21:00+05:30,2026-06-05 10:40:00+05:30,SELL,1300.3,1299.9099099999999,1294.3535714285713,1294.7418774999999,60,1305.057142857143,1294.3535714285713,310.08194999999887,101.5945946,23.6,184.88735539999888,TP Hit,2.378571428571474,0
2026-06-08 10:19:00+05:30,2026-06-08 10:26:00+05:30,SELL,1279.0,1278.6163,1276.4285714285716,1276.8115,61,1281.0571428571427,1276.4285714285716,110.09279999999308,101.59559429999999,23.6,-15.102794300006913,TP Hit,1.0285714285714025,0
2026-06-09 09:29:00+05:30,2026-06-09 10:36:00+05:30,BUY,1269.8,1270.18094,1266.3714285714286,1265.9915171428572,61,1266.3714285714286,1274.0857142857142,-255.55479428570743,23.6,100.8254825457143,-379.98027683142175,SL Hit,1.714285714285698,0
2026-06-10 09:29:00+05:30,2026-06-10 09:31:00+05:30,BUY,1292.5,1292.88775,1299.892857142857,1299.5028892857142,60,1286.5857142857142,1299.892857142857,396.9083571428473,23.6,101.57017335714286,271.73818378570445,TP Hit,2.9571428571428635,0
2026-06-11 09:15:00+05:30,2026-06-11 09:19:00+05:30,SELL,1254.5,1254.12365,1258.9,1259.2776700000002,62,1258.9,1249.0,-319.54924000001074,101.3556663,23.6,-444.50490630001076,SL Hit,2.200000000000013,0
2026-06-12 09:26:00+05:30,2026-06-12 10:47:00+05:30,BUY,1272.5,1272.88175,1266.6142857142856,1266.2343014285714,61,1266.6142857142856,1279.857142857143,-405.49436285714705,23.6,100.84029238714285,-529.93465524429,SL Hit,2.942857142857162,0
2026-06-15 10:22:00+05:30,2026-06-15 10:29:00+05:30,BUY,1315.1,1315.49453,1318.4214285714284,1318.025902142857,59,1312.442857142857,1318.4214285714284,149.35095642856186,23.6,101.36352822642857,24.387428202133293,TP Hit,1.3285714285714059,0
2026-06-16 09:15:00+05:30,2026-06-16 09:35:00+05:30,BUY,1309.5,1309.89285,1313.5714285714284,1313.177357142857,59,1306.2428571428572,1313.5714285714284,193.7859214285711,23.6,101.07746407142858,69.10845735714253,TP Hit,1.6285714285713928,0
